time,power
2021-09-25 19:44:40,92.98
2021-09-25 19:44:50,93.17
2021-09-25 19:45:00,93.29
2021-09-25 19:45:10,93.42
2021-09-25 19:45:20,93.59
2021-09-25 19:45:30,93.71
2021-09-25 19:45:40,93.87
2021-09-25 19:45:50,94.02
2021-09-25 19:46:00,94.15
2021-09-25 19:46:10,94.29
2021-09-25 19:46:20,94.44
2021-09-25 19:46:30,94.57
2021-09-25 19:46:40,94.66
2021-09-25 19:46:50,94.79
2021-09-25 19:47:00,94.93
2021-09-25 19:47:10,95.02
2021-09-25 19:47:20,95.13
2021-09-25 19:47:30,95.24
2021-09-25 19:47:40,95.35
2021-09-25 19:47:50,95.45
2021-09-25 19:48:00,95.55
2021-09-25 19:48:10,95.67
2021-09-25 19:48:20,95.75
2021-09-25 19:48:30,95.84
2021-09-25 19:48:40,95.94
2021-09-25 19:48:50,96.03
2021-09-25 19:49:00,96.12
2021-09-25 19:49:10,96.21
2021-09-25 19:49:20,96.3
2021-09-25 19:49:30,96.37
2021-09-25 19:49:40,96.46
2021-09-25 19:49:50,96.53
2021-09-25 19:50:00,96.6
2021-09-25 19:50:10,96.7
2021-09-25 19:50:20,96.79
2021-09-25 19:50:30,96.87
2021-09-25 19:50:40,96.94
2021-09-25 19:50:50,97.01
2021-09-25 19:51:00,97.09
2021-09-25 19:51:10,97.16
2021-09-25 19:51:20,97.24
2021-09-25 19:51:30,97.3
2021-09-25 19:51:40,97.37
2021-09-25 19:51:50,97.44
2021-09-25 19:52:00,97.51
2021-09-25 19:52:10,97.59
2021-09-25 19:52:20,97.65
2021-09-25 19:52:30,97.72
2021-09-25 19:52:40,97.79
2021-09-25 19:52:50,97.86
2021-09-25 19:53:00,97.91
2021-09-25 19:53:10,97.98
2021-09-25 19:53:20,98.04
2021-09-25 19:53:30,98.1
2021-09-25 19:53:40,98.15
2021-09-25 19:53:50,98.24
2021-09-25 19:54:00,98.29
2021-09-25 19:54:10,98.35
2021-09-25 19:54:20,98.43
2021-09-25 19:54:30,98.48
2021-09-25 19:54:40,98.54
2021-09-25 19:54:50,98.6
2021-09-25 19:55:00,99.03
2021-09-25 19:55:10,98.94
2021-09-25 19:55:20,99.35
2021-09-25 19:55:30,99.21
2021-09-25 19:55:40,99.26
2021-09-25 19:55:50,99.46
2021-09-25 19:56:00,99.41
2021-09-25 19:56:10,99.69
2021-09-25 19:56:20,99.69
2021-09-25 19:56:30,99.62
2021-09-25 19:56:40,99.72
2021-09-25 19:56:50,99.77
2021-09-25 19:57:00,99.83
2021-09-25 19:57:10,99.87
2021-09-25 19:57:20,99.91
2021-09-25 19:57:30,99.93
2021-09-25 19:57:40,99.95
2021-09-25 19:57:50,99.98
2021-09-25 19:58:00,100.0
2021-09-25 19:58:10,100.06
2021-09-25 19:58:20,100.11
2021-09-25 19:58:30,100.15
2021-09-25 19:58:40,100.21
2021-09-25 19:58:50,100.25
2021-09-25 19:59:00,100.29
2021-09-25 19:59:10,100.34
2021-09-25 19:59:20,100.39
2021-09-25 19:59:30,100.44
2021-09-25 19:59:40,100.49
2021-09-25 19:59:50,100.52
2021-09-25 20:00:00,100.57
2021-09-25 20:00:10,100.62
2021-09-25 20:00:20,100.68
2021-09-25 20:00:30,100.72
2021-09-25 20:00:40,100.76
2021-09-25 20:00:50,100.84
2021-09-25 20:01:00,100.92
2021-09-25 20:01:10,100.95
2021-09-25 20:01:20,100.95
2021-09-25 20:01:30,101.01
2021-09-25 20:01:40,101.05
2021-09-25 20:01:50,101.14
2021-09-25 20:02:00,101.13
2021-09-25 20:02:10,101.16
2021-09-25 20:02:20,101.2
2021-09-25 20:02:30,101.25
2021-09-25 20:02:40,101.27
2021-09-25 20:02:50,101.3
2021-09-25 20:03:00,101.35
2021-09-25 20:03:10,101.38
2021-09-25 20:03:20,101.44
2021-09-25 20:03:30,101.47
2021-09-25 20:03:40,101.51
2021-09-25 20:03:50,101.16
2021-09-25 20:04:00,101.12
2021-09-25 20:04:10,101.22
2021-09-25 20:04:20,101.24
2021-09-25 20:04:30,101.29
2021-09-25 20:04:40,101.31
2021-09-25 20:04:50,101.37
2021-09-25 20:05:00,101.42
2021-09-25 20:05:10,101.43
2021-09-25 20:05:20,101.49
2021-09-25 20:05:30,101.53
2021-09-25 20:05:40,101.56
2021-09-25 20:05:50,101.56
2021-09-25 20:06:00,101.66
2021-09-25 20:06:10,101.7
2021-09-25 20:06:20,101.72
2021-09-25 20:06:30,101.76
2021-09-25 20:06:40,101.8
2021-09-25 20:06:50,101.91
2021-09-25 20:07:00,102.05
2021-09-25 20:07:10,102.06
2021-09-25 20:07:20,102.09
2021-09-25 20:07:30,102.13
2021-09-25 20:07:40,102.18
2021-09-25 20:07:50,102.23
2021-09-25 20:08:00,102.26
2021-09-25 20:08:10,102.29
2021-09-25 20:08:20,102.11
2021-09-25 20:08:30,102.14
2021-09-25 20:08:40,102.15
2021-09-25 20:08:50,102.17
2021-09-25 20:09:00,102.2
2021-09-25 20:09:10,102.18
2021-09-25 20:09:20,102.21
2021-09-25 20:09:30,102.25
2021-09-25 20:09:40,102.28
2021-09-25 20:09:50,102.31
2021-09-25 20:10:00,102.34
2021-09-25 20:10:10,102.38
2021-09-25 20:10:20,102.4
2021-09-25 20:10:30,102.44
2021-09-25 20:10:40,102.47
2021-09-25 20:10:50,102.51
2021-09-25 20:11:00,102.54
2021-09-25 20:11:10,102.56
2021-09-25 20:11:20,102.6
2021-09-25 20:11:30,102.61
2021-09-25 20:11:40,102.65
2021-09-25 20:11:50,102.68
2021-09-25 20:12:00,102.71
2021-09-25 20:12:10,102.74
2021-09-25 20:12:20,102.75
2021-09-25 20:12:30,102.78
2021-09-25 20:12:40,102.82
2021-09-25 20:12:50,102.85
2021-09-25 20:13:00,102.88
2021-09-25 20:13:10,102.9
2021-09-25 20:13:20,102.92
2021-09-25 20:13:30,102.95
2021-09-25 20:13:40,102.97
2021-09-25 20:13:50,103.01
2021-09-25 20:14:00,103.04
2021-09-25 20:14:10,103.05
2021-09-25 20:14:20,103.09
2021-09-25 20:14:30,103.1
2021-09-25 20:14:40,103.13
2021-09-25 20:14:50,103.14
2021-09-25 20:15:00,103.17
2021-09-25 20:15:10,103.2
2021-09-25 20:15:20,103.2
2021-09-25 20:15:30,103.24
2021-09-25 20:15:40,103.26
2021-09-25 20:15:50,103.28
2021-09-25 20:16:00,103.3
2021-09-25 20:16:10,103.31
2021-09-25 20:16:20,103.32
2021-09-25 20:16:30,103.37
2021-09-25 20:16:40,103.39
2021-09-25 20:16:50,103.41
2021-09-25 20:17:00,103.43
2021-09-25 20:17:10,103.47
2021-09-25 20:17:20,103.49
2021-09-25 20:17:30,103.51
2021-09-25 20:17:40,103.54
2021-09-25 20:17:50,103.53
2021-09-25 20:18:00,103.52
2021-09-25 20:18:10,103.53
2021-09-25 20:18:20,103.53
2021-09-25 20:18:30,103.56
2021-09-25 20:18:40,103.56
2021-09-25 20:18:50,103.57
2021-09-25 20:19:00,103.59
2021-09-25 20:19:10,103.62
2021-09-25 20:19:20,103.63
2021-09-25 20:19:30,103.65
2021-09-25 20:19:40,103.66
2021-09-25 20:19:50,103.67
2021-09-25 20:20:00,103.68
2021-09-25 20:20:10,103.68
2021-09-25 20:20:20,103.71
2021-09-25 20:20:30,103.75
2021-09-25 20:20:40,103.79
2021-09-25 20:20:50,103.79
2021-09-25 20:21:00,103.79
2021-09-25 20:21:10,103.77
2021-09-25 20:21:20,103.8
2021-09-25 20:21:30,103.79
2021-09-25 20:21:40,103.76
2021-09-25 20:21:50,103.83
2021-09-25 20:22:00,103.82
2021-09-25 20:22:10,103.84
2021-09-25 20:22:20,103.86
2021-09-25 20:22:30,103.87
2021-09-25 20:22:40,103.89
2021-09-25 20:22:50,103.86
2021-09-25 20:23:00,103.88
2021-09-25 20:23:10,103.92
2021-09-25 20:23:20,103.88
2021-09-25 20:23:30,103.92
2021-09-25 20:23:40,103.92
2021-09-25 20:23:50,103.93
2021-09-25 20:24:00,103.92
2021-09-25 20:24:10,103.94
2021-09-25 20:24:20,103.95
2021-09-25 20:24:30,103.93
2021-09-25 20:24:40,103.96
2021-09-25 20:24:50,103.99
2021-09-25 20:25:00,103.95
2021-09-25 20:25:10,103.99
2021-09-25 20:25:20,103.99
2021-09-25 20:25:30,103.99
2021-09-25 20:25:40,104.01
2021-09-25 20:25:50,104.01
2021-09-25 20:26:00,104.02
2021-09-25 20:26:10,104.04
2021-09-25 20:26:20,104.04
2021-09-25 20:26:30,104.06
2021-09-25 20:26:40,104.02
2021-09-25 20:26:50,104.05
2021-09-25 20:27:00,104.07
2021-09-25 20:27:10,104.07
2021-09-25 20:27:20,104.09
2021-09-25 20:27:30,104.08
2021-09-25 20:27:40,104.08
2021-09-25 20:27:50,104.09
2021-09-25 20:28:00,104.11
2021-09-25 20:28:10,104.13
2021-09-25 20:28:20,104.11
2021-09-25 20:28:30,104.15
2021-09-25 20:28:40,104.14
2021-09-25 20:28:50,104.16
2021-09-25 20:29:00,104.15
2021-09-25 20:29:10,104.16
2021-09-25 20:29:20,104.16
2021-09-25 20:29:30,104.17
2021-09-25 20:29:40,104.2
2021-09-25 20:29:50,104.23
2021-09-25 20:30:00,104.2
2021-09-25 20:30:10,104.2
2021-09-25 20:30:20,104.2
2021-09-25 20:30:30,104.21
2021-09-25 20:30:40,104.25
2021-09-25 20:30:50,104.25
2021-09-25 20:31:00,104.23
2021-09-25 20:31:10,104.27
2021-09-25 20:31:20,104.25
2021-09-25 20:31:30,104.27
2021-09-25 20:31:40,104.29
2021-09-25 20:31:50,104.27
2021-09-25 20:32:00,104.27
2021-09-25 20:32:10,104.25
2021-09-25 20:32:20,104.31
2021-09-25 20:32:30,104.27
2021-09-25 20:32:40,104.28
2021-09-25 20:32:50,104.32
2021-09-25 20:33:00,104.34
2021-09-25 20:33:10,104.33
2021-09-25 20:33:20,104.35
2021-09-25 20:33:30,104.36
2021-09-25 20:33:40,104.33
2021-09-25 20:33:50,104.37
2021-09-25 20:34:00,104.39
2021-09-25 20:34:10,104.35
2021-09-25 20:34:20,104.35
2021-09-25 20:34:30,104.35
2021-09-25 20:34:40,104.37
2021-09-25 20:34:50,104.38
2021-09-25 20:35:00,104.45
2021-09-25 20:35:10,104.39
2021-09-25 20:35:20,104.39
2021-09-25 20:35:30,104.4
2021-09-25 20:35:40,104.41
2021-09-25 20:35:50,104.43
2021-09-25 20:36:00,104.44
2021-09-25 20:36:10,104.44
2021-09-25 20:36:20,104.46
2021-09-25 20:36:30,104.47
2021-09-25 20:36:40,104.5
2021-09-25 20:36:50,104.53
2021-09-25 20:37:00,104.5
2021-09-25 20:37:10,104.56
2021-09-25 20:37:20,104.49
2021-09-25 20:37:30,104.49
2021-09-25 20:37:40,104.51
2021-09-25 20:37:50,104.52
2021-09-25 20:38:00,104.54
2021-09-25 20:38:10,104.57
2021-09-25 20:38:20,104.6
2021-09-25 20:38:30,104.54
2021-09-25 20:38:40,104.57
2021-09-25 20:38:50,104.62
2021-09-25 20:39:00,104.59
2021-09-25 20:39:10,104.64
2021-09-25 20:39:20,104.58
2021-09-25 20:39:30,104.61
2021-09-25 20:39:40,104.64
2021-09-25 20:39:50,104.63
2021-09-25 20:40:00,104.64
2021-09-25 20:40:10,104.63
2021-09-25 20:40:20,104.7
2021-09-25 20:40:30,104.65
2021-09-25 20:40:40,104.64
2021-09-25 20:40:50,104.7
2021-09-25 20:41:00,104.68
2021-09-25 20:41:10,104.75
2021-09-25 20:41:20,104.69
2021-09-25 20:41:30,104.7
2021-09-25 20:41:40,104.76
2021-09-25 20:41:50,104.71
2021-09-25 20:42:00,104.78
2021-09-25 20:42:10,104.81
2021-09-25 20:42:20,104.8
2021-09-25 20:42:30,104.81
2021-09-25 20:42:40,104.81
2021-09-25 20:42:50,104.83
2021-09-25 20:43:00,104.84
2021-09-25 20:43:10,104.84
2021-09-25 20:43:20,104.85
2021-09-25 20:43:30,104.8
2021-09-25 20:43:40,104.85
2021-09-25 20:43:50,104.86
2021-09-25 20:44:00,104.88
2021-09-25 20:44:10,104.88
2021-09-25 20:44:20,104.91
2021-09-25 20:44:30,104.89
2021-09-25 20:44:40,104.9
2021-09-25 20:44:50,104.92
2021-09-25 20:45:00,104.93
2021-09-25 20:45:10,104.93
2021-09-25 20:45:20,104.92
2021-09-25 20:45:30,104.96
2021-09-25 20:45:40,105.0
2021-09-25 20:45:50,105.06
2021-09-25 20:46:00,104.9
2021-09-25 20:46:10,104.9
2021-09-25 20:46:20,104.92
2021-09-25 20:46:30,104.93
2021-09-25 20:46:40,104.96
2021-09-25 20:46:50,104.97
2021-09-25 20:47:00,104.98
2021-09-25 20:47:10,105.01
2021-09-25 20:47:20,104.99
2021-09-25 20:47:30,105.02
2021-09-25 20:47:40,105.02
2021-09-25 20:47:50,105.01
2021-09-25 20:48:00,105.05
2021-09-25 20:48:10,105.06
2021-09-25 20:48:20,105.08
2021-09-25 20:48:30,105.11
2021-09-25 20:48:40,105.11
2021-09-25 20:48:50,105.1
2021-09-25 20:49:00,105.13
2021-09-25 20:49:10,105.12
2021-09-25 20:49:20,105.14
2021-09-25 20:49:30,105.14
2021-09-25 20:49:40,105.19
2021-09-25 20:49:50,105.16
2021-09-25 20:50:00,105.16
2021-09-25 20:50:10,105.21
2021-09-25 20:50:20,105.23
2021-09-25 20:50:30,105.24
2021-09-25 20:50:40,105.26
2021-09-25 20:50:50,105.24
2021-09-25 20:51:00,105.2
2021-09-25 20:51:10,105.26
2021-09-25 20:51:20,105.27
2021-09-25 20:51:30,105.26
2021-09-25 20:51:40,105.3
2021-09-25 20:51:50,105.29
2021-09-25 20:52:00,105.28
2021-09-25 20:52:10,105.27
2021-09-25 20:52:20,105.46
2021-09-25 20:52:30,105.51
2021-09-25 20:52:40,105.53
2021-09-25 20:52:50,105.55
2021-09-25 20:53:00,105.57
2021-09-25 20:53:10,105.58
2021-09-25 20:53:20,105.58
2021-09-25 20:53:30,105.59
2021-09-25 20:53:40,105.58
2021-09-25 20:53:50,105.62
2021-09-25 20:54:00,105.62
2021-09-25 20:54:10,105.63
2021-09-25 20:54:20,105.65
2021-09-25 20:54:30,105.68
2021-09-25 20:54:40,105.71
2021-09-25 20:54:50,105.75
2021-09-25 20:55:00,105.75
2021-09-25 20:55:10,105.74
2021-09-25 20:55:20,105.76
2021-09-25 20:55:30,105.76
2021-09-25 20:55:40,105.78
2021-09-25 20:55:50,105.8
2021-09-25 20:56:00,105.81
2021-09-25 20:56:10,105.66
2021-09-25 20:56:20,105.77
2021-09-25 20:56:30,105.84
2021-09-25 20:56:40,105.9
2021-09-25 20:56:50,105.74
2021-09-25 20:57:00,105.54
2021-09-25 20:57:10,105.61
2021-09-25 20:57:20,105.61
2021-09-25 20:57:30,105.62
2021-09-25 20:57:40,105.65
2021-09-25 20:57:50,105.59
2021-09-25 20:58:00,105.6
2021-09-25 20:58:10,105.61
2021-09-25 20:58:20,105.62
2021-09-25 20:58:30,105.69
2021-09-25 20:58:40,105.7
2021-09-25 20:58:50,105.72
2021-09-25 20:59:00,105.68
2021-09-25 20:59:10,105.75
2021-09-25 20:59:20,105.71
2021-09-25 20:59:30,105.72
2021-09-25 20:59:40,105.77
2021-09-25 20:59:50,105.78
2021-09-25 21:00:00,105.78
2021-09-25 21:00:10,105.76
2021-09-25 21:00:20,105.81
2021-09-25 21:00:30,105.82
2021-09-25 21:00:40,105.81
2021-09-25 21:00:50,105.8
2021-09-25 21:01:00,105.85
2021-09-25 21:01:10,105.85
2021-09-25 21:01:20,105.84
2021-09-25 21:01:30,105.87
2021-09-25 21:01:40,105.9
2021-09-25 21:01:50,105.9
2021-09-25 21:02:00,105.91
2021-09-25 21:02:10,105.94
2021-09-25 21:02:20,105.91
2021-09-25 21:02:30,105.94
2021-09-25 21:02:40,105.96
2021-09-25 21:02:50,105.97
2021-09-25 21:03:00,105.96
2021-09-25 21:03:10,105.98
2021-09-25 21:03:20,106.0
2021-09-25 21:03:30,106.01
2021-09-25 21:03:40,106.01
2021-09-25 21:03:50,106.02
2021-09-25 21:04:00,106.03
2021-09-25 21:04:10,106.07
2021-09-25 21:04:20,106.19
2021-09-25 21:04:30,106.22
2021-09-25 21:04:40,106.22
2021-09-25 21:04:50,106.22
2021-09-25 21:05:00,106.23
2021-09-25 21:05:10,106.22
2021-09-25 21:05:20,106.26
2021-09-25 21:05:30,106.26
2021-09-25 21:05:40,106.27
2021-09-25 21:05:50,106.28
2021-09-25 21:06:00,106.29
2021-09-25 21:06:10,106.32
2021-09-25 21:06:20,106.32
2021-09-25 21:06:30,106.31
2021-09-25 21:06:40,106.3
2021-09-25 21:06:50,106.32
2021-09-25 21:07:00,106.34
2021-09-25 21:07:10,106.33
2021-09-25 21:07:20,106.35
2021-09-25 21:07:30,106.36
2021-09-25 21:07:40,106.38
2021-09-25 21:07:50,106.39
2021-09-25 21:08:00,106.41
2021-09-25 21:08:10,106.39
2021-09-25 21:08:20,106.41
2021-09-25 21:08:30,106.42
2021-09-25 21:08:40,106.42
2021-09-25 21:08:50,106.42
2021-09-25 21:09:00,106.44
2021-09-25 21:09:10,106.45
2021-09-25 21:09:20,106.47
2021-09-25 21:09:30,106.49
2021-09-25 21:09:40,106.51
2021-09-25 21:09:50,106.47
2021-09-25 21:10:00,106.5
2021-09-25 21:10:10,106.51
2021-09-25 21:10:20,106.58
2021-09-25 21:10:30,106.62
2021-09-25 21:10:40,106.55
2021-09-25 21:10:50,106.56
2021-09-25 21:11:00,106.55
2021-09-25 21:11:10,106.57
2021-09-25 21:11:20,106.57
2021-09-25 21:11:30,106.58
2021-09-25 21:11:40,106.59
2021-09-25 21:11:50,106.6
2021-09-25 21:12:00,106.6
2021-09-25 21:12:10,106.6
2021-09-25 21:12:20,106.63
2021-09-25 21:12:30,106.63
2021-09-25 21:12:40,106.63
2021-09-25 21:12:50,106.64
2021-09-25 21:13:00,106.65
2021-09-25 21:13:10,106.67
2021-09-25 21:13:20,106.67
2021-09-25 21:13:30,106.67
2021-09-25 21:13:40,106.69
2021-09-25 21:13:50,106.68
2021-09-25 21:14:00,106.7
2021-09-25 21:14:10,106.7
2021-09-25 21:14:20,106.72
2021-09-25 21:14:30,106.71
2021-09-25 21:14:40,106.73
2021-09-25 21:14:50,106.75
2021-09-25 21:15:00,106.74
2021-09-25 21:15:10,106.76
2021-09-25 21:15:20,106.76
2021-09-25 21:15:30,106.78
2021-09-25 21:15:40,106.79
2021-09-25 21:15:50,106.8
2021-09-25 21:16:00,106.81
2021-09-25 21:16:10,106.81
2021-09-25 21:16:20,106.82
2021-09-25 21:16:30,106.83
2021-09-25 21:16:40,106.85
2021-09-25 21:16:50,106.84
2021-09-25 21:17:00,106.87
2021-09-25 21:17:10,106.88
2021-09-25 21:17:20,106.87
2021-09-25 21:17:30,106.89
2021-09-25 21:17:40,106.89
2021-09-25 21:17:50,106.91
2021-09-25 21:18:00,106.9
2021-09-25 21:18:10,106.93
2021-09-25 21:18:20,106.93
2021-09-25 21:18:30,106.93
2021-09-25 21:18:40,106.94
2021-09-25 21:18:50,106.96
2021-09-25 21:19:00,106.95
2021-09-25 21:19:10,106.97
2021-09-25 21:19:20,106.99
2021-09-25 21:19:30,107.01
2021-09-25 21:19:40,107.01
2021-09-25 21:19:50,107.01
2021-09-25 21:20:00,107.03
2021-09-25 21:20:10,107.02
2021-09-25 21:20:20,107.05
2021-09-25 21:20:30,107.05
2021-09-25 21:20:40,107.06
2021-09-25 21:20:50,107.06
2021-09-25 21:21:00,107.07
2021-09-25 21:21:10,107.06
2021-09-25 21:21:20,107.09
2021-09-25 21:21:30,107.09
2021-09-25 21:21:40,107.09
2021-09-25 21:21:50,107.11
2021-09-25 21:22:00,107.12
2021-09-25 21:22:10,107.14
2021-09-25 21:22:20,107.15
2021-09-25 21:22:30,107.18
2021-09-25 21:22:40,107.21
2021-09-25 21:22:50,107.23
2021-09-25 21:23:00,107.21
2021-09-25 21:23:10,107.22
2021-09-25 21:23:20,107.24
2021-09-25 21:23:30,107.23
2021-09-25 21:23:40,107.25
2021-09-25 21:23:50,107.26
2021-09-25 21:24:00,107.27
2021-09-25 21:24:10,107.26
2021-09-25 21:24:20,107.24
2021-09-25 21:24:30,107.1
2021-09-25 21:24:40,107.16
2021-09-25 21:24:50,107.16
2021-09-25 21:25:00,107.19
2021-09-25 21:25:10,107.16
2021-09-25 21:25:20,107.17
2021-09-25 21:25:30,107.19
2021-09-25 21:25:40,107.22
2021-09-25 21:25:50,107.21
2021-09-25 21:26:00,107.2
2021-09-25 21:26:10,107.22
2021-09-25 21:26:20,107.22
2021-09-25 21:26:30,107.23
2021-09-25 21:26:40,107.23
2021-09-25 21:26:50,107.2
2021-09-25 21:27:00,107.2
2021-09-25 21:27:10,107.22
2021-09-25 21:27:20,107.24
2021-09-25 21:27:30,107.23
2021-09-25 21:27:40,107.26
2021-09-25 21:27:50,107.26
2021-09-25 21:28:00,107.29
2021-09-25 21:28:10,107.31
2021-09-25 21:28:20,107.32
2021-09-25 21:28:30,107.32
2021-09-25 21:28:40,107.33
2021-09-25 21:28:50,107.31
2021-09-25 21:29:00,107.36
2021-09-25 21:29:10,107.37
2021-09-25 21:29:20,107.37
2021-09-25 21:29:30,107.4
2021-09-25 21:29:40,107.35
2021-09-25 21:29:50,107.29
2021-09-25 21:30:00,107.32
2021-09-25 21:30:10,107.33
2021-09-25 21:30:20,107.41
2021-09-25 21:30:30,107.38
2021-09-25 21:30:40,107.33
2021-09-25 21:30:50,107.35
2021-09-25 21:31:00,107.35
2021-09-25 21:31:10,107.37
2021-09-25 21:31:20,107.37
2021-09-25 21:31:30,107.42
2021-09-25 21:31:40,107.41
2021-09-25 21:31:50,107.39
2021-09-25 21:32:00,107.4
2021-09-25 21:32:10,107.41
2021-09-25 21:32:20,107.41
2021-09-25 21:32:30,107.43
2021-09-25 21:32:40,107.42
2021-09-25 21:32:50,107.44
2021-09-25 21:33:00,107.43
2021-09-25 21:33:10,107.43
2021-09-25 21:33:20,107.46
2021-09-25 21:33:30,107.47
2021-09-25 21:33:40,107.46
2021-09-25 21:33:50,107.49
2021-09-25 21:34:00,107.52
2021-09-25 21:34:10,107.51
2021-09-25 21:34:20,107.5
2021-09-25 21:34:30,107.53
2021-09-25 21:34:40,107.53
2021-09-25 21:34:50,107.53
2021-09-25 21:35:00,107.55
2021-09-25 21:35:10,107.56
2021-09-25 21:35:20,107.57
2021-09-25 21:35:30,107.56
2021-09-25 21:35:40,107.58
2021-09-25 21:35:50,107.58
2021-09-25 21:36:00,107.59
2021-09-25 21:36:10,107.59
2021-09-25 21:36:20,107.61
2021-09-25 21:36:30,107.62
2021-09-25 21:36:40,107.63
2021-09-25 21:36:50,107.63
2021-09-25 21:37:00,107.63
2021-09-25 21:37:10,107.67
2021-09-25 21:37:20,107.66
2021-09-25 21:37:30,107.68
2021-09-25 21:37:40,107.67
2021-09-25 21:37:50,107.68
2021-09-25 21:38:00,107.68
2021-09-25 21:38:10,107.68
2021-09-25 21:38:20,107.7
2021-09-25 21:38:30,107.71
2021-09-25 21:38:40,107.72
2021-09-25 21:38:50,107.73
2021-09-25 21:39:00,107.74
2021-09-25 21:39:10,107.74
2021-09-25 21:39:20,107.75
2021-09-25 21:39:30,107.76
2021-09-25 21:39:40,107.77
2021-09-25 21:39:50,107.77
2021-09-25 21:40:00,107.76
2021-09-25 21:40:10,107.78
2021-09-25 21:40:20,107.79
2021-09-25 21:40:30,107.79
2021-09-25 21:40:40,107.8
2021-09-25 21:40:50,107.81
2021-09-25 21:41:00,107.83
2021-09-25 21:41:10,107.83
2021-09-25 21:41:20,107.84
2021-09-25 21:41:30,107.84
2021-09-25 21:41:40,107.85
2021-09-25 21:41:50,107.86
2021-09-25 21:42:00,107.88
2021-09-25 21:42:10,107.91
2021-09-25 21:42:20,107.88
2021-09-25 21:42:30,107.9
2021-09-25 21:42:40,107.9
2021-09-25 21:42:50,107.89
2021-09-25 21:43:00,107.9
2021-09-25 21:43:10,107.91
2021-09-25 21:43:20,107.9
2021-09-25 21:43:30,107.91
2021-09-25 21:43:40,107.92
2021-09-25 21:43:50,107.93
2021-09-25 21:44:00,107.92
2021-09-25 21:44:10,107.94
2021-09-25 21:44:20,107.93
2021-09-25 21:44:30,107.95
2021-09-25 21:44:40,107.96
2021-09-25 21:44:50,107.95
2021-09-25 21:45:00,107.97
2021-09-25 21:45:10,107.98
2021-09-25 21:45:20,107.98
2021-09-25 21:45:30,107.99
2021-09-25 21:45:40,108.0
2021-09-25 21:45:50,108.0
2021-09-25 21:46:00,108.0
2021-09-25 21:46:10,108.01
2021-09-25 21:46:20,108.03
2021-09-25 21:46:30,108.03
2021-09-25 21:46:40,108.05
2021-09-25 21:46:50,108.05
2021-09-25 21:47:00,108.07
2021-09-25 21:47:10,108.06
2021-09-25 21:47:20,108.07
2021-09-25 21:47:30,108.09
2021-09-25 21:47:40,108.08
2021-09-25 21:47:50,108.09
2021-09-25 21:48:00,108.1
2021-09-25 21:48:10,108.11
2021-09-25 21:48:20,108.12
2021-09-25 21:48:30,108.12
2021-09-25 21:48:40,108.12
2021-09-25 21:48:50,108.13
2021-09-25 21:49:00,108.14
2021-09-25 21:49:10,108.13
2021-09-25 21:49:20,108.16
2021-09-25 21:49:30,108.15
2021-09-25 21:49:40,108.16
2021-09-25 21:49:50,108.17
2021-09-25 21:50:00,108.19
2021-09-25 21:50:10,108.19
2021-09-25 21:50:20,108.2
2021-09-25 21:50:30,108.22
2021-09-25 21:50:40,108.22
2021-09-25 21:50:50,108.22
2021-09-25 21:51:00,108.22
2021-09-25 21:51:10,108.22
2021-09-25 21:51:20,108.24
2021-09-25 21:51:30,108.24
2021-09-25 21:51:40,108.25
2021-09-25 21:51:50,108.26
2021-09-25 21:52:00,108.26
2021-09-25 21:52:10,108.27
2021-09-25 21:52:20,108.29
2021-09-25 21:52:30,108.31
2021-09-25 21:52:40,108.31
2021-09-25 21:52:50,108.31
2021-09-25 21:53:00,108.32
2021-09-25 21:53:10,108.33
2021-09-25 21:53:20,108.33
2021-09-25 21:53:30,108.34
2021-09-25 21:53:40,108.36
2021-09-25 21:53:50,108.35
2021-09-25 21:54:00,108.36
2021-09-25 21:54:10,108.37
2021-09-25 21:54:20,108.38
2021-09-25 21:54:30,108.38
2021-09-25 21:54:40,108.4
2021-09-25 21:54:50,108.4
2021-09-25 21:55:00,108.42
2021-09-25 21:55:10,108.42
2021-09-25 21:55:20,108.43
2021-09-25 21:55:30,108.39
2021-09-25 21:55:40,108.4
2021-09-25 21:55:50,108.4
2021-09-25 21:56:00,108.4
2021-09-25 21:56:10,108.42
2021-09-25 21:56:20,108.43
2021-09-25 21:56:30,108.44
2021-09-25 21:56:40,108.44
2021-09-25 21:56:50,108.44
2021-09-25 21:57:00,108.45
2021-09-25 21:57:10,108.45
2021-09-25 21:57:20,108.47
2021-09-25 21:57:30,108.48
2021-09-25 21:57:40,108.47
2021-09-25 21:57:50,108.48
2021-09-25 21:58:00,108.5
2021-09-25 21:58:10,108.48
2021-09-25 21:58:20,108.51
2021-09-25 21:58:30,108.52
2021-09-25 21:58:40,108.51
2021-09-25 21:58:50,108.52
2021-09-25 21:59:00,108.53
2021-09-25 21:59:10,108.53
2021-09-25 21:59:20,108.54
2021-09-25 21:59:30,108.55
2021-09-25 21:59:40,108.56
2021-09-25 21:59:50,108.55
2021-09-25 22:00:00,108.57
2021-09-25 22:00:10,108.57
2021-09-25 22:00:20,108.58
2021-09-25 22:00:30,108.59
2021-09-25 22:00:40,108.61
2021-09-25 22:00:50,108.58
2021-09-25 22:01:00,108.61
2021-09-25 22:01:10,108.62
2021-09-25 22:01:20,108.62
2021-09-25 22:01:30,108.63
2021-09-25 22:01:40,108.63
2021-09-25 22:01:50,108.65
2021-09-25 22:02:00,108.63
2021-09-25 22:02:10,108.66
2021-09-25 22:02:20,108.66
2021-09-25 22:02:30,108.66
2021-09-25 22:02:40,108.68
2021-09-25 22:02:50,108.67
2021-09-25 22:03:00,108.69
2021-09-25 22:03:10,108.69
2021-09-25 22:03:20,108.69
2021-09-25 22:03:30,108.71
2021-09-25 22:03:40,108.72
2021-09-25 22:03:50,108.71
2021-09-25 22:04:00,108.73
2021-09-25 22:04:10,108.72
2021-09-25 22:04:20,108.74
2021-09-25 22:04:30,108.75
2021-09-25 22:04:40,108.75
2021-09-25 22:04:50,108.76
2021-09-25 22:05:00,108.77
2021-09-25 22:05:10,108.77
2021-09-25 22:05:20,108.78
2021-09-25 22:05:30,108.79
2021-09-25 22:05:40,108.8
2021-09-25 22:05:50,108.8
2021-09-25 22:06:00,108.81
2021-09-25 22:06:10,108.82
2021-09-25 22:06:20,108.81
2021-09-25 22:06:30,108.83
2021-09-25 22:06:40,108.84
2021-09-25 22:06:50,108.86
2021-09-25 22:07:00,108.85
2021-09-25 22:07:10,108.88
2021-09-25 22:07:20,108.9
2021-09-25 22:07:30,108.88
2021-09-25 22:07:40,108.87
2021-09-25 22:07:50,108.88
2021-09-25 22:08:00,108.9
2021-09-25 22:08:10,108.89
2021-09-25 22:08:20,108.89
2021-09-25 22:08:30,108.9
2021-09-25 22:08:40,108.91
2021-09-25 22:08:50,108.91
2021-09-25 22:09:00,108.92
2021-09-25 22:09:10,108.94
2021-09-25 22:09:20,108.94
2021-09-25 22:09:30,108.93
2021-09-25 22:09:40,108.94
2021-09-25 22:09:50,108.96
2021-09-25 22:10:00,108.96
2021-09-25 22:10:10,108.96
2021-09-25 22:10:20,108.97
2021-09-25 22:10:30,108.98
2021-09-25 22:10:40,108.98
2021-09-25 22:10:50,108.99
2021-09-25 22:11:00,109.0
2021-09-25 22:11:10,109.0
2021-09-25 22:11:20,109.01
2021-09-25 22:11:30,109.01
2021-09-25 22:11:40,109.01
2021-09-25 22:11:50,109.03
2021-09-25 22:12:00,109.04
2021-09-25 22:12:10,109.04
2021-09-25 22:12:20,109.06
2021-09-25 22:12:30,109.06
2021-09-25 22:12:40,109.06
2021-09-25 22:12:50,109.08
2021-09-25 22:13:00,109.08
2021-09-25 22:13:10,109.08
2021-09-25 22:13:20,109.08
2021-09-25 22:13:30,109.12
2021-09-25 22:13:40,109.12
2021-09-25 22:13:50,109.11
2021-09-25 22:14:00,109.11
2021-09-25 22:14:10,109.12
2021-09-25 22:14:20,109.11
2021-09-25 22:14:30,109.13
2021-09-25 22:14:40,109.14
2021-09-25 22:14:50,109.17
2021-09-25 22:15:00,109.16
2021-09-25 22:15:10,109.17
2021-09-25 22:15:20,109.17
2021-09-25 22:15:30,109.22
2021-09-25 22:15:40,109.2
2021-09-25 22:15:50,109.19
2021-09-25 22:16:00,109.18
2021-09-25 22:16:10,109.18
2021-09-25 22:16:20,109.19
2021-09-25 22:16:30,109.18
2021-09-25 22:16:40,109.21
2021-09-25 22:16:50,109.2
2021-09-25 22:17:00,109.21
2021-09-25 22:17:10,109.21
2021-09-25 22:17:20,109.22
2021-09-25 22:17:30,109.23
2021-09-25 22:17:40,109.25
2021-09-25 22:17:50,109.24
2021-09-25 22:18:00,109.26
2021-09-25 22:18:10,109.26
2021-09-25 22:18:20,109.26
2021-09-25 22:18:30,109.25
2021-09-25 22:18:40,109.27
2021-09-25 22:18:50,109.28
2021-09-25 22:19:00,109.3
2021-09-25 22:19:10,109.29
2021-09-25 22:19:20,109.3
2021-09-25 22:19:30,109.3
2021-09-25 22:19:40,109.31
2021-09-25 22:19:50,109.31
2021-09-25 22:20:00,109.31
2021-09-25 22:20:10,109.32
2021-09-25 22:20:20,109.34
2021-09-25 22:20:30,109.34
2021-09-25 22:20:40,109.34
2021-09-25 22:20:50,109.34
2021-09-25 22:21:00,109.37
2021-09-25 22:21:10,109.36
2021-09-25 22:21:20,109.38
2021-09-25 22:21:30,109.39
2021-09-25 22:21:40,109.38
2021-09-25 22:21:50,109.4
2021-09-25 22:22:00,109.42
2021-09-25 22:22:10,109.43
2021-09-25 22:22:20,109.44
2021-09-25 22:22:30,109.44
2021-09-25 22:22:40,109.47
2021-09-25 22:22:50,109.46
2021-09-25 22:23:00,109.45
2021-09-25 22:23:10,109.45
2021-09-25 22:23:20,109.45
2021-09-25 22:23:30,109.45
2021-09-25 22:23:40,109.47
2021-09-25 22:23:50,109.48
2021-09-25 22:24:00,109.49
2021-09-25 22:24:10,109.49
2021-09-25 22:24:20,109.5
2021-09-25 22:24:30,109.5
2021-09-25 22:24:40,109.51
2021-09-25 22:24:50,109.52
2021-09-25 22:25:00,109.51
2021-09-25 22:25:10,109.51
2021-09-25 22:25:20,109.54
2021-09-25 22:25:30,109.54
2021-09-25 22:25:40,109.55
2021-09-25 22:25:50,109.55
2021-09-25 22:26:00,109.55
2021-09-25 22:26:10,109.55
2021-09-25 22:26:20,109.56
2021-09-25 22:26:30,109.58
2021-09-25 22:26:40,109.57
2021-09-25 22:26:50,109.58
2021-09-25 22:27:00,109.58
2021-09-25 22:27:10,109.58
2021-09-25 22:27:20,109.6
2021-09-25 22:27:30,109.61
2021-09-25 22:27:40,109.62
2021-09-25 22:27:50,109.62
2021-09-25 22:28:00,109.63
2021-09-25 22:28:10,109.61
2021-09-25 22:28:20,109.64
2021-09-25 22:28:30,109.65
2021-09-25 22:28:40,109.65
2021-09-25 22:28:50,109.66
2021-09-25 22:29:00,109.66
2021-09-25 22:29:10,109.65
2021-09-25 22:29:20,109.67
2021-09-25 22:29:30,109.67
2021-09-25 22:29:40,109.68
2021-09-25 22:29:50,109.7
2021-09-25 22:30:00,109.69
2021-09-25 22:30:10,109.69
2021-09-25 22:30:20,109.71
2021-09-25 22:30:30,109.72
2021-09-25 22:30:40,109.72
2021-09-25 22:30:50,109.72
2021-09-25 22:31:00,109.72
2021-09-25 22:31:10,109.72
2021-09-25 22:31:20,109.73
2021-09-25 22:31:30,109.77
2021-09-25 22:31:40,109.75
2021-09-25 22:31:50,109.75
2021-09-25 22:32:00,109.76
2021-09-25 22:32:10,109.77
2021-09-25 22:32:20,109.78
2021-09-25 22:32:30,109.79
2021-09-25 22:32:40,109.79
2021-09-25 22:32:50,109.79
2021-09-25 22:33:00,109.79
2021-09-25 22:33:10,109.81
2021-09-25 22:33:20,109.82
2021-09-25 22:33:30,109.82
2021-09-25 22:33:40,109.84
2021-09-25 22:33:50,109.85
2021-09-25 22:34:00,109.85
2021-09-25 22:34:10,109.86
2021-09-25 22:34:20,109.86
2021-09-25 22:34:30,109.88
2021-09-25 22:34:40,109.88
2021-09-25 22:34:50,109.89
2021-09-25 22:35:00,109.89
2021-09-25 22:35:10,109.89
2021-09-25 22:35:20,109.9
2021-09-25 22:35:30,109.9
2021-09-25 22:35:40,109.92
2021-09-25 22:35:50,109.9
2021-09-25 22:36:00,109.9
2021-09-25 22:36:10,109.93
2021-09-25 22:36:20,109.93
2021-09-25 22:36:30,109.93
2021-09-25 22:36:40,109.94
2021-09-25 22:36:50,109.94
2021-09-25 22:37:00,109.96
2021-09-25 22:37:10,109.96
2021-09-25 22:37:20,109.93
2021-09-25 22:37:30,109.95
2021-09-25 22:37:40,109.96
2021-09-25 22:37:50,109.95
2021-09-25 22:38:00,109.96
2021-09-25 22:38:10,109.97
2021-09-25 22:38:20,109.98
2021-09-25 22:38:30,109.96
2021-09-25 22:38:40,109.98
2021-09-25 22:38:50,109.98
2021-09-25 22:39:00,109.98
2021-09-25 22:39:10,109.99
2021-09-25 22:39:20,110.0
2021-09-25 22:39:30,110.0
2021-09-25 22:39:40,109.98
2021-09-25 22:39:50,110.01
2021-09-25 22:40:00,110.02
2021-09-25 22:40:10,110.03
2021-09-25 22:40:20,110.04
2021-09-25 22:40:30,110.02
2021-09-25 22:40:40,110.04
2021-09-25 22:40:50,110.04
2021-09-25 22:41:00,110.03
2021-09-25 22:41:10,110.05
2021-09-25 22:41:20,110.05
2021-09-25 22:41:30,110.05
2021-09-25 22:41:40,110.05
2021-09-25 22:41:50,110.07
2021-09-25 22:42:00,110.1
2021-09-25 22:42:10,110.08
2021-09-25 22:42:20,110.09
2021-09-25 22:42:30,110.09
2021-09-25 22:42:40,110.13
2021-09-25 22:42:50,110.12
2021-09-25 22:43:00,110.14
2021-09-25 22:43:10,110.11
2021-09-25 22:43:20,110.14
2021-09-25 22:43:30,110.13
2021-09-25 22:43:40,110.15
2021-09-25 22:43:50,110.14
2021-09-25 22:44:00,110.15
2021-09-25 22:44:10,110.17
2021-09-25 22:44:20,110.17
2021-09-25 22:44:30,110.19
2021-09-25 22:44:40,110.19
2021-09-25 22:44:50,110.2
2021-09-25 22:45:00,110.2
2021-09-25 22:45:10,110.17
2021-09-25 22:45:20,110.2
2021-09-25 22:45:30,110.19
2021-09-25 22:45:40,110.22
2021-09-25 22:45:50,110.23
2021-09-25 22:46:00,110.21
2021-09-25 22:46:10,110.24
2021-09-25 22:46:20,110.23
2021-09-25 22:46:30,110.24
2021-09-25 22:46:40,110.24
2021-09-25 22:46:50,110.25
2021-09-25 22:47:00,110.24
2021-09-25 22:47:10,110.24
2021-09-25 22:47:20,110.24
2021-09-25 22:47:30,110.25
2021-09-25 22:47:40,110.26
2021-09-25 22:47:50,110.27
2021-09-25 22:48:00,110.25
2021-09-25 22:48:10,110.28
2021-09-25 22:48:20,110.29
2021-09-25 22:48:30,110.28
2021-09-25 22:48:40,110.29
2021-09-25 22:48:50,110.31
2021-09-25 22:49:00,110.32
2021-09-25 22:49:10,110.32
2021-09-25 22:49:20,110.32
2021-09-25 22:49:30,110.31
2021-09-25 22:49:40,110.32
2021-09-25 22:49:50,110.32
2021-09-25 22:50:00,110.29
2021-09-25 22:50:10,110.3
2021-09-25 22:50:20,110.31
2021-09-25 22:50:30,110.31
2021-09-25 22:50:40,110.31
2021-09-25 22:50:50,110.35
2021-09-25 22:51:00,110.34
2021-09-25 22:51:10,110.33
2021-09-25 22:51:20,110.34
2021-09-25 22:51:30,110.34
2021-09-25 22:51:40,110.35
2021-09-25 22:51:50,110.38
2021-09-25 22:52:00,110.39
2021-09-25 22:52:10,110.39
2021-09-25 22:52:20,110.37
2021-09-25 22:52:30,110.36
2021-09-25 22:52:40,110.37
2021-09-25 22:52:50,110.38
2021-09-25 22:53:00,110.37
2021-09-25 22:53:10,110.38
2021-09-25 22:53:20,110.37
2021-09-25 22:53:30,110.38
2021-09-25 22:53:40,110.38
2021-09-25 22:53:50,110.4
2021-09-25 22:54:00,110.41
2021-09-25 22:54:10,110.41
2021-09-25 22:54:20,110.43
2021-09-25 22:54:30,110.42
2021-09-25 22:54:40,110.42
2021-09-25 22:54:50,110.43
2021-09-25 22:55:00,110.44
2021-09-25 22:55:10,110.43
2021-09-25 22:55:20,110.42
2021-09-25 22:55:30,110.45
2021-09-25 22:55:40,110.44
2021-09-25 22:55:50,110.46
2021-09-25 22:56:00,110.46
2021-09-25 22:56:10,110.47
2021-09-25 22:56:20,110.48
2021-09-25 22:56:30,110.48
2021-09-25 22:56:40,110.48
2021-09-25 22:56:50,110.48
2021-09-25 22:57:00,110.5
2021-09-25 22:57:10,110.47
2021-09-25 22:57:20,110.5
2021-09-25 22:57:30,110.54
2021-09-25 22:57:40,110.51
2021-09-25 22:57:50,110.54
2021-09-25 22:58:00,110.5
2021-09-25 22:58:10,110.54
2021-09-25 22:58:20,110.55
2021-09-25 22:58:30,110.53
2021-09-25 22:58:40,110.55
2021-09-25 22:58:50,110.53
2021-09-25 22:59:00,110.58
2021-09-25 22:59:10,110.57
2021-09-25 22:59:20,110.57
2021-09-25 22:59:30,110.58
2021-09-25 22:59:40,110.59
2021-09-25 22:59:50,110.58
2021-09-25 23:00:00,110.59
2021-09-25 23:00:10,110.56
2021-09-25 23:00:20,110.56
2021-09-25 23:00:30,110.56
2021-09-25 23:00:40,110.58
2021-09-25 23:00:50,110.58
2021-09-25 23:01:00,110.6
2021-09-25 23:01:10,110.6
2021-09-25 23:01:20,110.61
2021-09-25 23:01:30,110.61
2021-09-25 23:01:40,110.62
2021-09-25 23:01:50,110.62
2021-09-25 23:02:00,110.63
2021-09-25 23:02:10,110.64
2021-09-25 23:02:20,110.64
2021-09-25 23:02:30,110.65
2021-09-25 23:02:40,110.66
2021-09-25 23:02:50,110.66
2021-09-25 23:03:00,110.64
2021-09-25 23:03:10,110.66
2021-09-25 23:03:20,110.67
2021-09-25 23:03:30,110.67
2021-09-25 23:03:40,110.68
2021-09-25 23:03:50,110.67
2021-09-25 23:04:00,110.68
2021-09-25 23:04:10,110.69
2021-09-25 23:04:20,110.68
2021-09-25 23:04:30,110.7
2021-09-25 23:04:40,110.69
2021-09-25 23:04:50,110.71
2021-09-25 23:05:00,110.71
2021-09-25 23:05:10,110.71
2021-09-25 23:05:20,110.71
2021-09-25 23:05:30,110.7
2021-09-25 23:05:40,110.72
2021-09-25 23:05:50,110.72
2021-09-25 23:06:00,110.73
2021-09-25 23:06:10,110.73
2021-09-25 23:06:20,110.72
2021-09-25 23:06:30,110.75
2021-09-25 23:06:40,110.73
2021-09-25 23:06:50,110.74
2021-09-25 23:07:00,110.75
2021-09-25 23:07:10,110.76
2021-09-25 23:07:20,110.76
2021-09-25 23:07:30,110.76
2021-09-25 23:07:40,110.78
2021-09-25 23:07:50,110.81
2021-09-25 23:08:00,110.83
2021-09-25 23:08:10,110.79
2021-09-25 23:08:20,110.81
2021-09-25 23:08:30,110.83
2021-09-25 23:08:40,110.83
2021-09-25 23:08:50,110.83
2021-09-25 23:09:00,110.83
2021-09-25 23:09:10,110.83
2021-09-25 23:09:20,110.84
2021-09-25 23:09:30,110.83
2021-09-25 23:09:40,110.84
2021-09-25 23:09:50,110.85
2021-09-25 23:10:00,110.86
2021-09-25 23:10:10,110.86
2021-09-25 23:10:20,110.88
2021-09-25 23:10:30,110.88
2021-09-25 23:10:40,110.87
2021-09-25 23:10:50,110.86
2021-09-25 23:11:00,110.9
2021-09-25 23:11:10,110.9
2021-09-25 23:11:20,110.9
2021-09-25 23:11:30,110.9
2021-09-25 23:11:40,110.89
2021-09-25 23:11:50,110.9
2021-09-25 23:12:00,110.92
2021-09-25 23:12:10,110.9
2021-09-25 23:12:20,110.91
2021-09-25 23:12:30,110.93
2021-09-25 23:12:40,110.93
2021-09-25 23:12:50,110.94
2021-09-25 23:13:00,110.93
2021-09-25 23:13:10,110.93
2021-09-25 23:13:20,110.94
2021-09-25 23:13:30,110.95
2021-09-25 23:13:40,110.95
2021-09-25 23:13:50,110.96
2021-09-25 23:14:00,110.97
2021-09-25 23:14:10,110.97
2021-09-25 23:14:20,110.96
2021-09-25 23:14:30,110.98
2021-09-25 23:14:40,110.98
2021-09-25 23:14:50,110.98
2021-09-25 23:15:00,110.99
2021-09-25 23:15:10,110.98
2021-09-25 23:15:20,110.98
2021-09-25 23:15:30,111.01
2021-09-25 23:15:40,110.99
2021-09-25 23:15:50,111.0
2021-09-25 23:16:00,111.01
2021-09-25 23:16:10,111.02
2021-09-25 23:16:20,111.03
2021-09-25 23:16:30,111.03
2021-09-25 23:16:40,111.05
2021-09-25 23:16:50,111.04
2021-09-25 23:17:00,111.06
2021-09-25 23:17:10,111.04
2021-09-25 23:17:20,111.05
2021-09-25 23:17:30,111.06
2021-09-25 23:17:40,111.06
2021-09-25 23:17:50,111.08
2021-09-25 23:18:00,111.09
2021-09-25 23:18:10,111.08
2021-09-25 23:18:20,111.09
2021-09-25 23:18:30,111.09
2021-09-25 23:18:40,111.09
2021-09-25 23:18:50,111.1
2021-09-25 23:19:00,111.11
2021-09-25 23:19:10,111.1
2021-09-25 23:19:20,111.13
2021-09-25 23:19:30,111.13
2021-09-25 23:19:40,111.13
2021-09-25 23:19:50,111.13
2021-09-25 23:20:00,111.11
2021-09-25 23:20:10,111.11
2021-09-25 23:20:20,111.14
2021-09-25 23:20:30,111.14
2021-09-25 23:20:40,111.15
2021-09-25 23:20:50,111.15
2021-09-25 23:21:00,111.16
2021-09-25 23:21:10,111.17
2021-09-25 23:21:20,111.15
2021-09-25 23:21:30,111.12
2021-09-25 23:21:40,111.15
2021-09-25 23:21:50,111.15
2021-09-25 23:22:00,111.14
2021-09-25 23:22:10,111.13
2021-09-25 23:22:20,111.14
2021-09-25 23:22:30,111.15
2021-09-25 23:22:40,111.14
2021-09-25 23:22:50,111.18
2021-09-25 23:23:00,111.17
2021-09-25 23:23:10,111.18
2021-09-25 23:23:20,111.17
2021-09-25 23:23:30,111.2
2021-09-25 23:23:40,111.2
2021-09-25 23:23:50,111.21
2021-09-25 23:24:00,111.22
2021-09-25 23:24:10,111.19
2021-09-25 23:24:20,111.2
2021-09-25 23:24:30,111.2
2021-09-25 23:24:40,111.23
2021-09-25 23:24:50,111.24
2021-09-25 23:25:00,111.25
2021-09-25 23:25:10,111.22
2021-09-25 23:25:20,111.23
2021-09-25 23:25:30,111.25
2021-09-25 23:25:40,111.25
2021-09-25 23:25:50,111.26
2021-09-25 23:26:00,111.3
2021-09-25 23:26:10,111.25
2021-09-25 23:26:20,111.25
2021-09-25 23:26:30,111.28
2021-09-25 23:26:40,111.27
2021-09-25 23:26:50,111.28
2021-09-25 23:27:00,111.29
2021-09-25 23:27:10,111.28
2021-09-25 23:27:20,111.31
2021-09-25 23:27:30,111.31
2021-09-25 23:27:40,111.29
2021-09-25 23:27:50,111.3
2021-09-25 23:28:00,111.31
2021-09-25 23:28:10,111.31
2021-09-25 23:28:20,111.32
2021-09-25 23:28:30,111.33
2021-09-25 23:28:40,111.34
2021-09-25 23:28:50,111.3
2021-09-25 23:29:00,111.32
2021-09-25 23:29:10,111.32
2021-09-25 23:29:20,111.31
2021-09-25 23:29:30,111.32
2021-09-25 23:29:40,111.34
2021-09-25 23:29:50,111.33
2021-09-25 23:30:00,111.36
2021-09-25 23:30:10,111.35
2021-09-25 23:30:20,111.34
2021-09-25 23:30:30,111.36
2021-09-25 23:30:40,111.36
2021-09-25 23:30:50,111.37
2021-09-25 23:31:00,111.53
2021-09-25 23:31:10,111.36
2021-09-25 23:31:20,111.35
2021-09-25 23:31:30,111.34
2021-09-25 23:31:40,111.36
2021-09-25 23:31:50,111.37
2021-09-25 23:32:00,111.37
2021-09-25 23:32:10,111.38
2021-09-25 23:32:20,111.39
2021-09-25 23:32:30,111.39
2021-09-25 23:32:40,111.4
2021-09-25 23:32:50,111.52
2021-09-25 23:33:00,111.39
2021-09-25 23:33:10,111.39
2021-09-25 23:33:20,111.4
2021-09-25 23:33:30,111.42
2021-09-25 23:33:40,111.42
2021-09-25 23:33:50,111.41
2021-09-25 23:34:00,111.4
2021-09-25 23:34:10,111.41
2021-09-25 23:34:20,111.41
2021-09-25 23:34:30,111.43
2021-09-25 23:34:40,111.42
2021-09-25 23:34:50,111.42
2021-09-25 23:35:00,111.41
2021-09-25 23:35:10,111.42
2021-09-25 23:35:20,111.41
2021-09-25 23:35:30,111.43
2021-09-25 23:35:40,111.43
2021-09-25 23:35:50,111.44
2021-09-25 23:36:00,111.45
2021-09-25 23:36:10,111.44
2021-09-25 23:36:20,111.44
2021-09-25 23:36:30,111.49
2021-09-25 23:36:40,111.47
2021-09-25 23:36:50,111.49
2021-09-25 23:37:00,111.5
2021-09-25 23:37:10,111.5
2021-09-25 23:37:20,111.5
2021-09-25 23:37:30,111.51
2021-09-25 23:37:40,111.49
2021-09-25 23:37:50,111.5
2021-09-25 23:38:00,111.5
2021-09-25 23:38:10,111.51
2021-09-25 23:38:20,111.51
2021-09-25 23:38:30,111.51
2021-09-25 23:38:40,111.48
2021-09-25 23:38:50,111.51
2021-09-25 23:39:00,111.51
2021-09-25 23:39:10,111.54
2021-09-25 23:39:20,111.54
2021-09-25 23:39:30,111.57
2021-09-25 23:39:40,111.57
2021-09-25 23:39:50,111.57
2021-09-25 23:40:00,111.57
2021-09-25 23:40:10,111.56
2021-09-25 23:40:20,111.56
2021-09-25 23:40:30,111.56
2021-09-25 23:40:40,111.6
2021-09-25 23:40:50,111.58
2021-09-25 23:41:00,111.59
2021-09-25 23:41:10,111.58
2021-09-25 23:41:20,111.59
2021-09-25 23:41:30,111.59
2021-09-25 23:41:40,111.57
2021-09-25 23:41:50,111.59
2021-09-25 23:42:00,111.59
2021-09-25 23:42:10,111.54
2021-09-25 23:42:20,111.61
2021-09-25 23:42:30,111.61
2021-09-25 23:42:40,111.59
2021-09-25 23:42:50,111.61
2021-09-25 23:43:00,111.61
2021-09-25 23:43:10,111.59
2021-09-25 23:43:20,111.6
2021-09-25 23:43:30,111.62
2021-09-25 23:43:40,111.58
2021-09-25 23:43:50,111.61
2021-09-25 23:44:00,111.6
2021-09-25 23:44:10,111.62
2021-09-25 23:44:20,111.62
2021-09-25 23:44:30,111.63
2021-09-25 23:44:40,111.64
2021-09-25 23:44:50,111.66
2021-09-25 23:45:00,111.69
2021-09-25 23:45:10,111.66
2021-09-25 23:45:20,111.7
2021-09-25 23:45:30,111.66
2021-09-25 23:45:40,111.69
2021-09-25 23:45:50,111.69
2021-09-25 23:46:00,111.71
2021-09-25 23:46:10,111.71
2021-09-25 23:46:20,111.71
2021-09-25 23:46:30,111.72
2021-09-25 23:46:40,111.72
2021-09-25 23:46:50,111.75
2021-09-25 23:47:00,111.76
2021-09-25 23:47:10,111.75
2021-09-25 23:47:20,111.75
2021-09-25 23:47:30,111.76
2021-09-25 23:47:40,111.75
2021-09-25 23:47:50,111.77
2021-09-25 23:48:00,111.78
2021-09-25 23:48:10,111.79
2021-09-25 23:48:20,111.76
2021-09-25 23:48:30,111.77
2021-09-25 23:48:40,111.79
2021-09-25 23:48:50,111.77
2021-09-25 23:49:00,111.76
2021-09-25 23:49:10,111.77
2021-09-25 23:49:20,111.76
2021-09-25 23:49:30,111.76
2021-09-25 23:49:40,111.75
2021-09-25 23:49:50,111.78
2021-09-25 23:50:00,111.8
2021-09-25 23:50:10,111.86
2021-09-25 23:50:20,111.86
2021-09-25 23:50:30,111.84
2021-09-25 23:50:40,111.84
2021-09-25 23:50:50,111.86
2021-09-25 23:51:00,111.82
2021-09-25 23:51:10,111.83
2021-09-25 23:51:20,111.84
2021-09-25 23:51:30,111.85
2021-09-25 23:51:40,111.85
2021-09-25 23:51:50,111.86
2021-09-25 23:52:00,111.87
2021-09-25 23:52:10,111.87
2021-09-25 23:52:20,111.89
2021-09-25 23:52:30,111.89
2021-09-25 23:52:40,111.9
2021-09-25 23:52:50,111.89
2021-09-25 23:53:00,111.91
2021-09-25 23:53:10,111.92
2021-09-25 23:53:20,111.94
2021-09-25 23:53:30,111.93
2021-09-25 23:53:40,111.96
2021-09-25 23:53:50,111.94
2021-09-25 23:54:00,111.94
2021-09-25 23:54:10,111.95
2021-09-25 23:54:20,111.92
2021-09-25 23:54:30,111.95
2021-09-25 23:54:40,111.97
2021-09-25 23:54:50,111.95
2021-09-25 23:55:00,111.99
2021-09-25 23:55:10,111.98
2021-09-25 23:55:20,111.97
2021-09-25 23:55:30,111.97
2021-09-25 23:55:40,111.98
2021-09-25 23:55:50,111.98
2021-09-25 23:56:00,111.98
2021-09-25 23:56:10,111.99
2021-09-25 23:56:20,111.99
2021-09-25 23:56:30,112.1
2021-09-25 23:56:40,112.0
2021-09-25 23:56:50,112.02
2021-09-25 23:57:00,112.04
2021-09-25 23:57:10,112.03
2021-09-25 23:57:20,112.04
2021-09-25 23:57:30,112.06
2021-09-25 23:57:40,112.05
2021-09-25 23:57:50,112.07
2021-09-25 23:58:00,112.07
2021-09-25 23:58:10,112.05
2021-09-25 23:58:20,112.07
2021-09-25 23:58:30,112.08
2021-09-25 23:58:40,112.08
2021-09-25 23:58:50,112.09
2021-09-25 23:59:00,112.09
2021-09-25 23:59:10,112.1
2021-09-25 23:59:20,112.1
2021-09-25 23:59:30,112.1
2021-09-25 23:59:40,112.12
2021-09-25 23:59:50,112.11
2021-09-26 00:00:00,112.12
2021-09-26 00:00:10,112.12
2021-09-26 00:00:20,112.12
2021-09-26 00:00:30,112.14
2021-09-26 00:00:40,112.14
2021-09-26 00:00:50,112.14
2021-09-26 00:01:00,112.17
2021-09-26 00:01:10,112.18
2021-09-26 00:01:20,112.18
2021-09-26 00:01:30,112.18
2021-09-26 00:01:40,112.2
2021-09-26 00:01:50,112.2
2021-09-26 00:02:00,112.2
2021-09-26 00:02:10,112.21
2021-09-26 00:02:20,112.2
2021-09-26 00:02:30,112.23
2021-09-26 00:02:40,112.24
2021-09-26 00:02:50,112.25
2021-09-26 00:03:00,112.25
2021-09-26 00:03:10,112.26
2021-09-26 00:03:20,112.25
2021-09-26 00:03:30,112.24
2021-09-26 00:03:40,112.24
2021-09-26 00:03:50,112.25
2021-09-26 00:04:00,112.25
2021-09-26 00:04:10,112.25
2021-09-26 00:04:20,112.24
2021-09-26 00:04:30,112.25
2021-09-26 00:04:40,112.26
2021-09-26 00:04:50,112.26
2021-09-26 00:05:00,112.29
2021-09-26 00:05:10,112.29
2021-09-26 00:05:20,112.3
2021-09-26 00:05:30,112.31
2021-09-26 00:05:40,112.31
2021-09-26 00:05:50,112.3
2021-09-26 00:06:00,112.32
2021-09-26 00:06:10,112.31
2021-09-26 00:06:20,112.32
2021-09-26 00:06:30,112.34
2021-09-26 00:06:40,112.35
2021-09-26 00:06:50,112.35
2021-09-26 00:07:00,112.37
2021-09-26 00:07:10,112.37
2021-09-26 00:07:20,112.36
2021-09-26 00:07:30,112.4
2021-09-26 00:07:40,112.38
2021-09-26 00:07:50,112.39
2021-09-26 00:08:00,112.41
2021-09-26 00:08:10,112.38
2021-09-26 00:08:20,112.4
2021-09-26 00:08:30,112.41
2021-09-26 00:08:40,112.41
2021-09-26 00:08:50,112.42
2021-09-26 00:09:00,112.42
2021-09-26 00:09:10,112.43
2021-09-26 00:09:20,112.45
2021-09-26 00:09:30,112.46
2021-09-26 00:09:40,112.47
2021-09-26 00:09:50,112.45
2021-09-26 00:10:00,112.47
2021-09-26 00:10:10,112.47
2021-09-26 00:10:20,112.49
2021-09-26 00:10:30,112.5
2021-09-26 00:10:40,112.49
2021-09-26 00:10:50,112.51
2021-09-26 00:11:00,112.51
2021-09-26 00:11:10,112.51
2021-09-26 00:11:20,112.53
2021-09-26 00:11:30,112.56
2021-09-26 00:11:40,112.53
2021-09-26 00:11:50,112.53
2021-09-26 00:12:00,112.52
2021-09-26 00:12:10,112.5
2021-09-26 00:12:20,112.5
2021-09-26 00:12:30,112.5
2021-09-26 00:12:40,112.51
2021-09-26 00:12:50,112.53
2021-09-26 00:13:00,112.53
2021-09-26 00:13:10,112.54
2021-09-26 00:13:20,112.55
2021-09-26 00:13:30,112.55
2021-09-26 00:13:40,112.57
2021-09-26 00:13:50,112.57
2021-09-26 00:14:00,112.59
2021-09-26 00:14:10,112.58
2021-09-26 00:14:20,112.61
2021-09-26 00:14:30,112.6
2021-09-26 00:14:40,112.61
2021-09-26 00:14:50,112.61
2021-09-26 00:15:00,112.61
2021-09-26 00:15:10,112.62
2021-09-26 00:15:20,112.62
2021-09-26 00:15:30,112.65
2021-09-26 00:15:40,112.64
2021-09-26 00:15:50,112.66
2021-09-26 00:16:00,112.66
2021-09-26 00:16:10,112.66
2021-09-26 00:16:20,112.67
2021-09-26 00:16:30,112.68
2021-09-26 00:16:40,112.69
2021-09-26 00:16:50,112.7
2021-09-26 00:17:00,112.7
2021-09-26 00:17:10,112.73
2021-09-26 00:17:20,112.73
2021-09-26 00:17:30,112.74
2021-09-26 00:17:40,112.75
2021-09-26 00:17:50,112.76
2021-09-26 00:18:00,112.77
2021-09-26 00:18:10,112.78
2021-09-26 00:18:20,112.78
2021-09-26 00:18:30,112.79
2021-09-26 00:18:40,112.79
2021-09-26 00:18:50,112.79
2021-09-26 00:19:00,112.8
2021-09-26 00:19:10,112.76
2021-09-26 00:19:20,112.77
2021-09-26 00:19:30,112.77
2021-09-26 00:19:40,112.7
2021-09-26 00:19:50,112.65
2021-09-26 00:20:00,112.66
2021-09-26 00:20:10,112.64
2021-09-26 00:20:20,112.26
2021-09-26 00:20:30,111.45
2021-09-26 00:20:40,110.93
2021-09-26 00:20:50,110.24
2021-09-26 00:21:00,109.72
2021-09-26 00:21:10,109.17
2021-09-26 00:21:20,108.62
2021-09-26 00:21:30,108.12
2021-09-26 00:21:40,107.67
2021-09-26 00:21:50,107.16
2021-09-26 00:22:00,106.53
2021-09-26 00:22:10,106.06
2021-09-26 00:22:20,105.66
2021-09-26 00:22:30,105.14
2021-09-26 00:22:40,104.72
2021-09-26 00:22:50,104.26
2021-09-26 00:23:00,103.86
2021-09-26 00:23:10,103.35
2021-09-26 00:23:20,102.93
2021-09-26 00:23:30,102.56
2021-09-26 00:23:40,102.03
2021-09-26 00:23:50,101.59
2021-09-26 00:24:00,101.1
2021-09-26 00:24:10,100.67
2021-09-26 00:24:20,100.21
2021-09-26 00:24:30,99.8
2021-09-26 00:24:40,99.37
2021-09-26 00:24:50,98.93
2021-09-26 00:25:00,98.5
2021-09-26 00:25:10,98.1
2021-09-26 00:25:20,97.69
2021-09-26 00:25:30,97.38
2021-09-26 00:25:40,96.86
2021-09-26 00:25:50,96.49
2021-09-26 00:26:00,96.02
2021-09-26 00:26:10,95.67
2021-09-26 00:26:20,95.17
2021-09-26 00:26:30,94.79
2021-09-26 00:26:40,94.4
2021-09-26 00:26:50,93.92
2021-09-26 00:27:00,93.53
2021-09-26 00:27:10,93.13
2021-09-26 00:27:20,92.72
2021-09-26 00:27:30,92.38
2021-09-26 00:27:40,91.94
2021-09-26 00:27:50,91.57
2021-09-26 00:28:00,91.12
2021-09-26 00:28:10,90.74
2021-09-26 00:28:20,90.5
2021-09-26 00:28:30,90.0
2021-09-26 00:28:40,89.66
2021-09-26 00:28:50,89.14
2021-09-26 00:29:00,88.74
2021-09-26 00:29:10,88.26
2021-09-26 00:29:20,88.07
2021-09-26 00:29:30,87.57
2021-09-26 00:29:40,87.15
2021-09-26 00:29:50,86.86
2021-09-26 00:30:00,86.38
2021-09-26 00:30:10,85.98
2021-09-26 00:30:20,85.66
2021-09-26 00:30:30,85.34
2021-09-26 00:30:40,84.94
2021-09-26 00:30:50,84.68
2021-09-26 00:31:00,84.31
2021-09-26 00:31:10,83.89
2021-09-26 00:31:20,83.47
2021-09-26 00:31:30,83.24
2021-09-26 00:31:40,82.83
2021-09-26 00:31:50,82.58
2021-09-26 00:32:00,82.11
2021-09-26 00:32:10,81.65
2021-09-26 00:32:20,81.39
2021-09-26 00:32:30,81.02
2021-09-26 00:32:40,80.68
2021-09-26 00:32:50,80.23
2021-09-26 00:33:00,79.93
2021-09-26 00:33:10,79.75
2021-09-26 00:33:20,79.28
2021-09-26 00:33:30,78.95
2021-09-26 00:33:40,78.55
2021-09-26 00:33:50,78.13
2021-09-26 00:34:00,77.74
2021-09-26 00:34:10,77.47
2021-09-26 00:34:20,77.07
2021-09-26 00:34:30,76.89
2021-09-26 00:34:40,76.53
2021-09-26 00:34:50,76.06
2021-09-26 00:35:00,75.73
2021-09-26 00:35:10,75.34
2021-09-26 00:35:20,74.98
2021-09-26 00:35:30,74.73
2021-09-26 00:35:40,74.38
2021-09-26 00:35:50,74.11
2021-09-26 00:36:00,73.65
2021-09-26 00:36:10,73.31
2021-09-26 00:36:20,73.05
2021-09-26 00:36:30,72.63
2021-09-26 00:36:40,72.44
2021-09-26 00:36:50,71.58
2021-09-26 00:37:00,71.76
2021-09-26 00:37:10,71.46
2021-09-26 00:37:20,71.05
2021-09-26 00:37:30,70.8
2021-09-26 00:37:40,71.39
2021-09-26 00:37:50,70.45
2021-09-26 00:38:00,69.84
2021-09-26 00:38:10,69.7
2021-09-26 00:38:20,69.33
2021-09-26 00:38:30,68.86
2021-09-26 00:38:40,68.14
2021-09-26 00:38:50,67.79
2021-09-26 00:39:00,67.67
2021-09-26 00:39:10,67.14
2021-09-26 00:39:20,66.74
2021-09-26 00:39:30,67.23
2021-09-26 00:39:40,66.26
2021-09-26 00:39:50,66.42
2021-09-26 00:40:00,65.99
2021-09-26 00:40:10,65.13
2021-09-26 00:40:20,65.45
2021-09-26 00:40:30,64.52
2021-09-26 00:40:40,64.87
2021-09-26 00:40:50,64.57
2021-09-26 00:41:00,63.68
2021-09-26 00:41:10,63.87
2021-09-26 00:41:20,62.95
2021-09-26 00:41:30,62.86
2021-09-26 00:41:40,62.87
2021-09-26 00:41:50,61.89
2021-09-26 00:42:00,61.58
2021-09-26 00:42:10,61.25
2021-09-26 00:42:20,60.97
2021-09-26 00:42:30,60.66
2021-09-26 00:42:40,60.36
2021-09-26 00:42:50,60.03
2021-09-26 00:43:00,59.73
2021-09-26 00:43:10,59.47
2021-09-26 00:43:20,59.14
2021-09-26 00:43:30,58.89
2021-09-26 00:43:40,58.57
2021-09-26 00:43:50,58.27
2021-09-26 00:44:00,58.01
2021-09-26 00:44:10,57.69
2021-09-26 00:44:20,57.46
2021-09-26 00:44:30,57.17
2021-09-26 00:44:40,56.92
2021-09-26 00:44:50,56.63
2021-09-26 00:45:00,56.32
2021-09-26 00:45:10,56.07
2021-09-26 00:45:20,55.78
2021-09-26 00:45:30,55.53
2021-09-26 00:45:40,55.23
2021-09-26 00:45:50,55.15
2021-09-26 00:46:00,54.71
2021-09-26 00:46:10,54.47
2021-09-26 00:46:20,54.21
2021-09-26 00:46:30,53.92
2021-09-26 00:46:40,53.68
2021-09-26 00:46:50,53.42
2021-09-26 00:47:00,53.13
2021-09-26 00:47:10,52.91
2021-09-26 00:47:20,52.62
2021-09-26 00:47:30,52.38
2021-09-26 00:47:40,52.14
2021-09-26 00:47:50,51.88
2021-09-26 00:48:00,51.61
2021-09-26 00:48:10,51.39
2021-09-26 00:48:20,51.1
2021-09-26 00:48:30,50.9
2021-09-26 00:48:40,50.58
2021-09-26 00:48:50,49.13
2021-09-26 00:49:00,49.13
2021-09-26 00:49:10,49.13
2021-09-26 00:49:20,49.13
2021-09-26 00:49:30,49.13
2021-09-26 00:49:40,49.13
2021-09-26 00:49:50,48.93
2021-09-26 00:50:00,48.67
2021-09-26 00:50:10,48.46
2021-09-26 00:50:20,48.25
2021-09-26 00:50:30,48.0
2021-09-26 00:50:40,47.79
2021-09-26 00:50:50,47.52
2021-09-26 00:51:00,47.3
